q4NKZiA	QH1801	Birch · Chevron	520x125x14.5/1.2mm	plank	Chevron	Birch
q8KJ4wf	QH1802	Birch · Chevron	520x125x14.5/1.2mm	plank	Chevron	Birch
qNVt9TV	QH1803	Birch · Chevron	520x125x14.5/1.2mm	plank	Chevron	Birch
qW5joay	QH1805	Birch · Chevron	520x125x14.5/1.2mm	plank	Chevron	Birch
qnmmgye	QH1806	Birch · Chevron	520x125x14.5/1.2mm	plank	Chevron	Birch
qAwZQC2	QH1809	Birch · Chevron	520x125x14.5/1.2mm	plank	Chevron	Birch
qzgdsvA	QH1821	Birch · Chevron	520x125x14.5/1.2mm	plank	Chevron	Birch
qYM3Air	QH1823	Birch · Chevron	520x125x14.5/1.2mm	plank	Chevron	Birch
qBjCBvx	QH1825	Birch · Chevron	520x125x14.5/1.2mm	plank	Chevron	Birch
qMy89r2	QH1701	Birch · Herringbone	600x125x14.5/1.2mm	plank	Herringbone	Birch
qXp05dQ	QH1702	Birch · Herringbone	600x125x14.5/1.2mm	plank	Herringbone	Birch
qKSo9bt	QH1703	Birch · Herringbone	600x125x14.5/1.2mm	plank	Herringbone	Birch
qY9bNPz	QH1709	Birch · Herringbone	600x125x14.5/1.2mm	plank	Herringbone	Birch
qfmVYtC	QH1721	Birch · Herringbone	600x125x14.5/1.2mm	plank	Herringbone	Birch
qIifTjm	QH1728	Birch · Herringbone	600x125x14.5/1.2mm	plank	Herringbone	Birch
qNMsTV6	Y212	Oak · Chevron	530x127x15mm	plank	Chevron	Oak
qf3AgPM	Y215	Oak · Chevron	530x127x15mm	plank	Chevron	Oak
quadWyE	Y216	Oak · Chevron	530x127x15mm	plank	Chevron	Oak
qb540HY	R1601	Oak · Sawtooth	600x92x15mm	plank	Sawtooth	Oak
qrUBA5E	R1602	Oak · Sawtooth	600x92x15mm	plank	Sawtooth	Oak
qqfiLdW	R1605	Oak · Sawtooth	600x92x15mm	plank	Sawtooth	Oak
qnqVWit	R6605	Oak · Sawtooth	450x75x15mm	plank	Sawtooth	Oak
qXikb2L	Y6801	Oak · Sawtooth	510x92x15mm	plank	Sawtooth	Oak
qmL2pMB	Y6805	Oak · Sawtooth	510x92x15mm	plank	Sawtooth	Oak
q2EV5nR	QH1705	Birch · Herringbone	600x125x14.5/1.2mm	plank	Herringbone	Birch
qv6taF7	QH1706	Birch · Herringbone	600x125x14.5/1.2mm	plank	Herringbone	Birch
qseJABn	QH1723	Birch · Herringbone	600x125x14.5/1.2mm	plank	Herringbone	Birch
qcGXFss	QH1725	Birch · Herringbone	600x125x14.5/1.2mm	plank	Herringbone	Birch
qHZ85lc	QH1726	Birch · Herringbone	600x125x14.5/1.2mm	plank	Herringbone	Birch
qdBxW6w	QH1727	Birch · Herringbone	600x125x14.5/1.2mm	plank	Herringbone	Birch
qGIrl4F	SQ6506	Birch · Herringbone	600x125x14.5/1.2mm	plank	Herringbone	Birch
qUGrrbl	SQ6507	Birch · Herringbone	600x125x14.5/1.2mm	plank	Herringbone	Birch
qECbCCQ	SQ6508	Birch · Herringbone	600x125x14.5/1.2mm	plank	Herringbone	Birch
q56hZ52	SQ6509	Birch · Herringbone	600x125x14.5/1.2mm	plank	Herringbone	Birch
qc5kgRu	Y211	Oak · Chevron	530x127x15mm	plank	Chevron	Oak
qkYwnSE	Y7809-1	Oak · Chevron	780x127x15	plank	Chevron	Oak
qERHJcF	LZP1001	Shaped Inlay	600x600x15/1.2	artistic	Shaped Inlay	
qPHxoDA	LZP1002	Shaped Inlay	600x600x15/1.2	artistic	Shaped Inlay	
q3EQZGs	LZP1003	Shaped Inlay	600x600x15/1.2	artistic	Shaped Inlay	
q53yRKH	LZP1004	Shaped Inlay	600x600x15/1.2	artistic	Shaped Inlay	
qL3vBGN	LZP1005	Shaped Inlay	600x600x15/1.2	artistic	Shaped Inlay	
qYOI60p	LZP1006	Shaped Inlay	600x600x15/1.2	artistic	Shaped Inlay	
qnOPpjG	LZP1007	Shaped Inlay	600x600x15/1.2	artistic	Shaped Inlay	
qlw9OH4	LZP1008	Shaped Inlay	600x600x15/1.2	artistic	Shaped Inlay	
q95ykqJ	LZP1009	Shaped Inlay	600x600x15/1.2	artistic	Shaped Inlay	
qWlUuwo	LZP1010	Shaped Inlay	600x600x15/1.2	artistic	Shaped Inlay	
qHnpfjK	LZP2001	Shaped Inlay	600x600x15/1.2	artistic	Shaped Inlay	
qt7sgIn	LZP2002	Shaped Inlay	600x600x15/1.2	artistic	Shaped Inlay	
qnor2zy	LZP2003	Shaped Inlay	600x600x15/1.2	artistic	Shaped Inlay	
qSkDDQ2	LZP2004	Shaped Inlay	600x600x15/1.2	artistic	Shaped Inlay	
q3fucGB	LZP2005	Shaped Inlay	600x600x15/1.2	artistic	Shaped Inlay	
qmzL70s	LZP2006	Shaped Inlay	600x600x15/1.2	artistic	Shaped Inlay	
q0uB0Kf	LZP2007	Shaped Inlay	600x600x15/1.2	artistic	Shaped Inlay	
qBO5Wbl	LZP3001	Shaped Inlay	600x600x15/1.2	artistic	Shaped Inlay	
qy7URnD	LZP3002	Shaped Inlay	600x600x15/1.2	artistic	Shaped Inlay	
qZ15os7	LZY01	Shaped Inlay		artistic	Shaped Inlay	
qah80Vu	LZY02	Shaped Inlay		artistic	Shaped Inlay	
qEjwKkP	LZY03	Shaped Inlay		artistic	Shaped Inlay	
qxPvT2U	LZY05	Shaped Inlay		artistic	Shaped Inlay	
qPdGPpS	LZY06	Shaped Inlay		artistic	Shaped Inlay	
qKhihCh	LZY07	Shaped Inlay		artistic	Shaped Inlay	
qKsnfVU	LZY09	Shaped Inlay		artistic	Shaped Inlay	
qSwPcdd	LZY10	Shaped Inlay		artistic	Shaped Inlay	
qUUcM0u	LZY11-1	Shaped Inlay		artistic	Shaped Inlay	
qLcXYve	LZY11-2	Shaped Inlay		artistic	Shaped Inlay	
qKJCLbs	LZY12-1	Shaped Inlay		artistic	Shaped Inlay	
q78usFD	LZY12-2	Shaped Inlay		artistic	Shaped Inlay	
q7dXWrH	LZY13	Shaped Inlay		artistic	Shaped Inlay	
qCaii4l	LZY21	Shaped Inlay		artistic	Shaped Inlay	
qxaj1Hz	LZY22	Shaped Inlay		artistic	Shaped Inlay	
qI2UVfA	LZY22-1	Shaped Inlay		artistic	Shaped Inlay	
qlIjzSC	LZY23	Shaped Inlay		artistic	Shaped Inlay	
qEcjJBo	LZY25	Shaped Inlay		artistic	Shaped Inlay	
q5PWIC6	LZY26	Shaped Inlay		artistic	Shaped Inlay	
qJlHYdP	LZY27	Shaped Inlay		artistic	Shaped Inlay	
qwaAkNZ	LZY28	Shaped Inlay		artistic	Shaped Inlay	
qLTV6xU	LZY30	Shaped Inlay		artistic	Shaped Inlay	
qjKr1Yj	LZY32-1	Shaped Inlay		artistic	Shaped Inlay	
q0xD4LC	LZY32-2	Shaped Inlay		artistic	Shaped Inlay	
qfmIhTp	LZZ401	Shaped Inlay		artistic	Shaped Inlay	
qGfdlSw	LZP1311	Shaped Inlay		artistic	Shaped Inlay	
qsOmq3D	LZY31	Shaped Inlay		artistic	Shaped Inlay	
qd9fGBq	LZY31-1	Shaped Inlay		artistic	Shaped Inlay	
q6uia37	LZY31-2	Shaped Inlay		artistic	Shaped Inlay	
qseK5Ff	LZP35	Shaped Inlay		artistic	Shaped Inlay	
qxLdLz8	LZY35-1	Shaped Inlay		artistic	Shaped Inlay	
qSnVx8j	LZY35-2	Shaped Inlay		artistic	Shaped Inlay	
qjOky4a	LZY35-3	Shaped Inlay		artistic	Shaped Inlay	
q6TcRgJ	LZY36	Shaped Inlay		artistic	Shaped Inlay	
qO6O1Bs	LZY36-1	Shaped Inlay		artistic	Shaped Inlay	
q3Gj5ct	LZP3003	Shaped Inlay		artistic	Shaped Inlay	
q3AzzyB	LZP3005	Shaped Inlay		artistic	Shaped Inlay	
qUHfyQX	LZP3006	Shaped Inlay		artistic	Shaped Inlay	
qxHYjoZ	LZP1306	Shaped Inlay		artistic	Shaped Inlay	
qCMgcI6	LZP1307	Shaped Inlay		artistic	Shaped Inlay	
qDk50nS	LZP1308	Shaped Inlay		artistic	Shaped Inlay	
qSEThtR	LZP1311	Shaped Inlay		artistic	Shaped Inlay	
q9IoXSw	LZP2009	Shaped Inlay		artistic	Shaped Inlay	
q8LKrnl	LZP2010	Shaped Inlay		artistic	Shaped Inlay	
qhHNr09	LZP1310	Shaped Inlay		artistic	Shaped Inlay	
qGPzt8v	qGPzt8v	Shaped Inlay		artistic	Shaped Inlay	
qKDA1zQ	qKDA1zQ	Shaped Inlay		artistic	Shaped Inlay	
